{"_via_settings":{"ui":{"annotation_editor_height":25,"annotation_editor_fontsize":0.8,"leftsidebar_width":18,"image_grid":{"img_height":80,"rshape_fill":"none","rshape_fill_opacity":0.3,"rshape_stroke":"yellow","rshape_stroke_width":2,"show_region_shape":true,"show_image_policy":"all"},"image":{"region_label":"__via_region_id__","region_color":"__via_default_region_color__","region_label_font":"10px Sans","on_image_annotation_editor_placement":"NEAR_REGION"}},"core":{"buffer_size":18,"filepath":{},"default_filepath":""},"project":{"name":"apple_21"}},"_via_img_metadata":{"adutta_swan.jpg-1":{"filename":"adutta_swan.jpg","size":-1,"regions":[{"shape_attributes":{"name":"polygon","all_points_x":[116,94,176,343,383,385,369,406,398,364,310,297,304,244,158],"all_points_y":[157,195,264,273,261,234,222,216,155,124,135,170,188,170,175]},"region_attributes":{"name":"Swan","type":"bird","image_quality":{"good_illumination":true}}}],"file_attributes":{"caption":"Swan in lake Geneve","public_domain":"no","image_url":"http://www.robots.ox.ac.uk/~vgg/software/via/images/swan.jpg"}},"wikimedia_death_of_socrates.jpg-1":{"filename":"wikimedia_death_of_socrates.jpg","size":-1,"regions":[{"shape_attributes":{"name":"rect","x":174,"y":139,"width":108,"height":227},"region_attributes":{"name":"Plato","type":"human","image_quality":{"good_illumination":true}}},{"shape_attributes":{"name":"rect","x":347,"y":114,"width":91,"height":209},"region_attributes":{"name":"Socrates","type":"human","image_quality":{"frontal":true,"good_illumination":true}}},{"shape_attributes":{"name":"ellipse","cx":316,"cy":180,"rx":17,"ry":12},"region_attributes":{"name":"Hemlock","type":"cup"}}],"file_attributes":{"caption":"The Death of Socrates by David","public_domain":"yes","image_url":"https://en.wikipedia.org/wiki/The_Death_of_Socrates#/media/File:David_-_The_Death_of_Socrates.jpg"}},"resized_1.jpg11315":{"filename":"resized_1.jpg","size":11315,"regions":[{"shape_attributes":{"name":"rect","x":19,"y":0,"width":138,"height":149},"region_attributes":{"name":"APPPLE","type":"fruits","image_quality":{"good":true,"frontal":true,"good_illumination":true}}}],"file_attributes":{"caption":"","public_domain":"no","image_url":""}},"resized_2.jpg8779":{"filename":"resized_2.jpg","size":8779,"regions":[{"shape_attributes":{"name":"rect","x":16,"y":8,"width":135,"height":140},"region_attributes":{"name":"APPLE","type":"fruits","image_quality":{"good":true,"frontal":true,"good_illumination":true}}}],"file_attributes":{"caption":"","public_domain":"no","image_url":""}},"resized_3.jpg12544":{"filename":"resized_3.jpg","size":12544,"regions":[{"shape_attributes":{"name":"rect","x":14,"y":5,"width":140,"height":151},"region_attributes":{"name":"APPLE","type":"fruits","image_quality":{"good":true,"frontal":true,"good_illumination":true}}}],"file_attributes":{"caption":"","public_domain":"no","image_url":""}},"resized_4.jpg15662":{"filename":"resized_4.jpg","size":15662,"regions":[{"shape_attributes":{"name":"rect","x":15,"y":10,"width":102,"height":146},"region_attributes":{"name":"APPLE","type":"fruits","image_quality":{"good":true,"frontal":true,"good_illumination":true}}}],"file_attributes":{"caption":"","public_domain":"no","image_url":""}},"resized_5.jpg8513":{"filename":"resized_5.jpg","size":8513,"regions":[{"shape_attributes":{"name":"rect","x":14,"y":13,"width":143,"height":145},"region_attributes":{"name":"APPLE","type":"fruits","image_quality":{"good":true,"frontal":true,"good_illumination":true}}}],"file_attributes":{"caption":"","public_domain":"no","image_url":""}},"resized_6.jpg5795":{"filename":"resized_6.jpg","size":5795,"regions":[{"shape_attributes":{"name":"rect","x":35,"y":27,"width":102,"height":106},"region_attributes":{"name":"APPLE","type":"fruits","image_quality":{"good":true,"frontal":true,"good_illumination":true}}}],"file_attributes":{"caption":"","public_domain":"no","image_url":""}},"resized_7.jpg15412":{"filename":"resized_7.jpg","size":15412,"regions":[{"shape_attributes":{"name":"rect","x":9,"y":1,"width":153,"height":152},"region_attributes":{"name":"APPLE","type":"fruits","image_quality":{"good":true,"frontal":true,"good_illumination":true}}}],"file_attributes":{"caption":"","public_domain":"no","image_url":""}},"resized_8.jpg4341":{"filename":"resized_8.jpg","size":4341,"regions":[{"shape_attributes":{"name":"rect","x":29,"y":30,"width":96,"height":94},"region_attributes":{"name":"APPLE","type":"fruits","image_quality":{"good":true,"frontal":true,"good_illumination":true}}}],"file_attributes":{"caption":"","public_domain":"no","image_url":""}},"resized_9.jpg8714":{"filename":"resized_9.jpg","size":8714,"regions":[{"shape_attributes":{"name":"rect","x":9,"y":11,"width":114,"height":140},"region_attributes":{"name":"APPLE","type":"fruits","image_quality":{"good":true,"frontal":true,"good_illumination":true}}}],"file_attributes":{"caption":"","public_domain":"no","image_url":""}},"resized_10.jpg11340":{"filename":"resized_10.jpg","size":11340,"regions":[{"shape_attributes":{"name":"rect","x":13,"y":0,"width":138,"height":136},"region_attributes":{"name":"APPLE","type":"fruits","image_quality":{"good":true,"frontal":true,"good_illumination":true}}}],"file_attributes":{"caption":"","public_domain":"no","image_url":""}},"resized_11.jpg19737":{"filename":"resized_11.jpg","size":19737,"regions":[{"shape_attributes":{"name":"rect","x":1,"y":4,"width":161,"height":151},"region_attributes":{"name":"APPLE","type":"fruits","image_quality":{"good":true,"frontal":true,"good_illumination":true}}}],"file_attributes":{"caption":"","public_domain":"no","image_url":""}},"resized_12.jpg12678":{"filename":"resized_12.jpg","size":12678,"regions":[{"shape_attributes":{"name":"rect","x":16,"y":24,"width":139,"height":122},"region_attributes":{"name":"APPLE","type":"fruits","image_quality":{"good":true,"frontal":true,"good_illumination":true}}}],"file_attributes":{"caption":"","public_domain":"no","image_url":""}},"resized_13.jpg13110":{"filename":"resized_13.jpg","size":13110,"regions":[{"shape_attributes":{"name":"rect","x":8,"y":11,"width":155,"height":137},"region_attributes":{"name":"APPLE","type":"fruits","image_quality":{"good":true,"frontal":true,"good_illumination":true}}}],"file_attributes":{"caption":"","public_domain":"no","image_url":""}},"resized_14.jpg7034":{"filename":"resized_14.jpg","size":7034,"regions":[{"shape_attributes":{"name":"rect","x":21,"y":13,"width":127,"height":130},"region_attributes":{"name":"APPLE","type":"fruits","image_quality":{"good":true,"frontal":true,"good_illumination":true}}}],"file_attributes":{"caption":"","public_domain":"no","image_url":""}},"resized_15.jpg11370":{"filename":"resized_15.jpg","size":11370,"regions":[{"shape_attributes":{"name":"rect","x":8,"y":5,"width":146,"height":151},"region_attributes":{"name":"APPLE","type":"fruits","image_quality":{"good":true,"frontal":true,"good_illumination":true}}}],"file_attributes":{"caption":"","public_domain":"no","image_url":""}},"resized_16.jpg20089":{"filename":"resized_16.jpg","size":20089,"regions":[{"shape_attributes":{"name":"rect","x":16,"y":24,"width":131,"height":110},"region_attributes":{"name":"APPLE","type":"fruits","image_quality":{"good":true,"frontal":true,"good_illumination":true}}}],"file_attributes":{"caption":"","public_domain":"no","image_url":""}},"resized_17.jpg12121":{"filename":"resized_17.jpg","size":12121,"regions":[{"shape_attributes":{"name":"rect","x":13,"y":12,"width":142,"height":151},"region_attributes":{"name":"APPLE","type":"fruits","image_quality":{"good":true,"frontal":true,"good_illumination":true}}}],"file_attributes":{"caption":"","public_domain":"no","image_url":""}},"resized_18.jpg10803":{"filename":"resized_18.jpg","size":10803,"regions":[{"shape_attributes":{"name":"rect","x":9,"y":14,"width":130,"height":138},"region_attributes":{"name":"APPLE","type":"fruits","image_quality":{"good":true,"frontal":true,"good_illumination":true}}}],"file_attributes":{"caption":"","public_domain":"no","image_url":""}},"resized_19.jpg9374":{"filename":"resized_19.jpg","size":9374,"regions":[{"shape_attributes":{"name":"rect","x":9,"y":-1,"width":145,"height":152},"region_attributes":{"name":"APPLE","type":"fruits","image_quality":{"good":true,"frontal":true,"good_illumination":true}}}],"file_attributes":{"caption":"","public_domain":"no","image_url":""}},"resized_20.jpg15247":{"filename":"resized_20.jpg","size":15247,"regions":[],"file_attributes":{"caption":"","public_domain":"no","image_url":""}},"resized_21.jpg5871":{"filename":"resized_21.jpg","size":5871,"regions":[{"shape_attributes":{"name":"rect","x":13,"y":13,"width":133,"height":138},"region_attributes":{"name":"APPLE","type":"fruits","image_quality":{"good":true,"frontal":true,"good_illumination":true}}}],"file_attributes":{"caption":"","public_domain":"no","image_url":""}},"resized_22.jpg22744":{"filename":"resized_22.jpg","size":22744,"regions":[],"file_attributes":{"caption":"","public_domain":"no","image_url":""}},"resized_23.jpg10254":{"filename":"resized_23.jpg","size":10254,"regions":[],"file_attributes":{"caption":"","public_domain":"no","image_url":""}},"resized_24.jpg6208":{"filename":"resized_24.jpg","size":6208,"regions":[],"file_attributes":{"caption":"","public_domain":"no","image_url":""}},"resized_25.jpg11056":{"filename":"resized_25.jpg","size":11056,"regions":[],"file_attributes":{"caption":"","public_domain":"no","image_url":""}},"resized_26.jpg7467":{"filename":"resized_26.jpg","size":7467,"regions":[],"file_attributes":{"caption":"","public_domain":"no","image_url":""}},"resized_27.jpg13666":{"filename":"resized_27.jpg","size":13666,"regions":[],"file_attributes":{"caption":"","public_domain":"no","image_url":""}},"resized_28.jpg7321":{"filename":"resized_28.jpg","size":7321,"regions":[],"file_attributes":{"caption":"","public_domain":"no","image_url":""}},"resized_29.jpg12215":{"filename":"resized_29.jpg","size":12215,"regions":[],"file_attributes":{"caption":"","public_domain":"no","image_url":""}},"resized_30.jpg15316":{"filename":"resized_30.jpg","size":15316,"regions":[],"file_attributes":{"caption":"","public_domain":"no","image_url":""}},"rotated_1.jpg16383":{"filename":"rotated_1.jpg","size":16383,"regions":[],"file_attributes":{"caption":"","public_domain":"no","image_url":""}},"rotated_2.jpg17013":{"filename":"rotated_2.jpg","size":17013,"regions":[],"file_attributes":{"caption":"","public_domain":"no","image_url":""}},"rotated_3.jpg34609":{"filename":"rotated_3.jpg","size":34609,"regions":[],"file_attributes":{"caption":"","public_domain":"no","image_url":""}},"rotated_4.jpg207274":{"filename":"rotated_4.jpg","size":207274,"regions":[],"file_attributes":{"caption":"","public_domain":"no","image_url":""}},"rotated_5.jpg19303":{"filename":"rotated_5.jpg","size":19303,"regions":[],"file_attributes":{"caption":"","public_domain":"no","image_url":""}}},"_via_attributes":{"region":{"name":{"type":"text","description":"Name of the object","default_value":"not_defined"},"type":{"type":"dropdown","description":"Category of object","options":{"bird":"Bird","human":"Human","cup":"Cup (object)","unknown":"Unknown (object)","fruits":"Fruits"},"default_options":{"fruits":true}},"image_quality":{"type":"checkbox","description":"Quality of image region","options":{"blur":"Blurred region","good_illumination":"Good Illumination","frontal":"Object in Frontal View"},"default_options":{"good":true,"frontal":true,"good_illumination":true}}},"file":{"caption":{"type":"text","description":"","default_value":""},"public_domain":{"type":"radio","description":"","options":{"yes":"Yes","no":"No"},"default_options":{"no":true}},"image_url":{"type":"text","description":"","default_value":""}}},"_via_data_format_version":"2.0.10","_via_image_id_list":["adutta_swan.jpg-1","wikimedia_death_of_socrates.jpg-1","resized_1.jpg11315","resized_2.jpg8779","resized_3.jpg12544","resized_4.jpg15662","resized_5.jpg8513","resized_6.jpg5795","resized_7.jpg15412","resized_8.jpg4341","resized_9.jpg8714","resized_10.jpg11340","resized_11.jpg19737","resized_12.jpg12678","resized_13.jpg13110","resized_14.jpg7034","resized_15.jpg11370","resized_16.jpg20089","resized_17.jpg12121","resized_18.jpg10803","resized_19.jpg9374","resized_20.jpg15247","resized_21.jpg5871","resized_22.jpg22744","resized_23.jpg10254","resized_24.jpg6208","resized_25.jpg11056","resized_26.jpg7467","resized_27.jpg13666","resized_28.jpg7321","resized_29.jpg12215","resized_30.jpg15316","rotated_1.jpg16383","rotated_2.jpg17013","rotated_3.jpg34609","rotated_4.jpg207274","rotated_5.jpg19303"]}