{"_via_settings":{"ui":{"annotation_editor_height":25,"annotation_editor_fontsize":0.8,"leftsidebar_width":18,"image_grid":{"img_height":80,"rshape_fill":"none","rshape_fill_opacity":0.3,"rshape_stroke":"yellow","rshape_stroke_width":2,"show_region_shape":true,"show_image_policy":"all"},"image":{"region_label":"__via_region_id__","region_color":"__via_default_region_color__","region_label_font":"10px Sans","on_image_annotation_editor_placement":"NEAR_REGION"}},"core":{"buffer_size":18,"filepath":{},"default_filepath":""},"project":{"name":"apple_35"}},"_via_img_metadata":{"adutta_swan.jpg-1":{"filename":"adutta_swan.jpg","size":-1,"regions":[{"shape_attributes":{"name":"polygon","all_points_x":[116,94,176,343,383,385,369,406,398,364,310,297,304,244,158],"all_points_y":[157,195,264,273,261,234,222,216,155,124,135,170,188,170,175]},"region_attributes":{"name":"Swan","type":"bird","image_quality":{"good_illumination":true}}}],"file_attributes":{"caption":"Swan in lake Geneve","public_domain":"no","image_url":"http://www.robots.ox.ac.uk/~vgg/software/via/images/swan.jpg"}},"wikimedia_death_of_socrates.jpg-1":{"filename":"wikimedia_death_of_socrates.jpg","size":-1,"regions":[{"shape_attributes":{"name":"rect","x":174,"y":139,"width":108,"height":227},"region_attributes":{"name":"Plato","type":"human","image_quality":{"good_illumination":true}}},{"shape_attributes":{"name":"rect","x":347,"y":114,"width":91,"height":209},"region_attributes":{"name":"Socrates","type":"human","image_quality":{"frontal":true,"good_illumination":true}}},{"shape_attributes":{"name":"ellipse","cx":316,"cy":180,"rx":17,"ry":12},"region_attributes":{"name":"Hemlock","type":"cup"}}],"file_attributes":{"caption":"The Death of Socrates by David","public_domain":"yes","image_url":"https://en.wikipedia.org/wiki/The_Death_of_Socrates#/media/File:David_-_The_Death_of_Socrates.jpg"}},"apple (32).jpg17013":{"filename":"apple (32).jpg","size":17013,"regions":[{"shape_attributes":{"name":"rect","x":9,"y":19,"width":224,"height":195},"region_attributes":{"name":"apple","type":"fruits","image_quality":{"good":true,"frontal":true,"good_illumination":true}}}],"file_attributes":{"caption":"","public_domain":"no","image_url":""}},"apple (33).jpg34609":{"filename":"apple (33).jpg","size":34609,"regions":[{"shape_attributes":{"name":"rect","x":21,"y":9,"width":310,"height":309},"region_attributes":{"name":"apple","type":"fruits","image_quality":{"good":true,"frontal":true,"good_illumination":true}}}],"file_attributes":{"caption":"","public_domain":"no","image_url":""}},"apple (34).jpg207274":{"filename":"apple (34).jpg","size":207274,"regions":[],"file_attributes":{"caption":"","public_domain":"no","image_url":""}},"apple (35).jpg19303":{"filename":"apple (35).jpg","size":19303,"regions":[{"shape_attributes":{"name":"rect","x":11,"y":20,"width":274,"height":257},"region_attributes":{"name":"apple","type":"fruits","image_quality":{"good":true,"frontal":true,"good_illumination":true}}}],"file_attributes":{"caption":"","public_domain":"no","image_url":""}}},"_via_attributes":{"region":{"name":{"type":"text","description":"Name of the object","default_value":"not_defined"},"type":{"type":"dropdown","description":"Category of object","options":{"bird":"Bird","human":"Human","cup":"Cup (object)","unknown":"Unknown (object)","fruits":"Fruits"},"default_options":{"fruits":true}},"image_quality":{"type":"checkbox","description":"Quality of image region","options":{"blur":"Blurred region","good_illumination":"Good Illumination","frontal":"Object in Frontal View"},"default_options":{"good":true,"frontal":true,"good_illumination":true}}},"file":{"caption":{"type":"text","description":"","default_value":""},"public_domain":{"type":"radio","description":"","options":{"yes":"Yes","no":"No"},"default_options":{"no":true}},"image_url":{"type":"text","description":"","default_value":""}}},"_via_data_format_version":"2.0.10","_via_image_id_list":["adutta_swan.jpg-1","wikimedia_death_of_socrates.jpg-1","apple (32).jpg17013","apple (33).jpg34609","apple (34).jpg207274","apple (35).jpg19303"]}